"X1","X2","X3","X4","X5","X6","X7","X8","X9","X10"
-0.350926302358196,0.70495662412412,0.287719526098033,2.3495095235866,0.00625278729339938,-0.398907430503696,0.0514292895493198,-0.0852075033953709,-0.277323420860658,-1.56360707412757
0.477489030800704,-0.462363544794174,1.27941067890875,-1.5140222400746,-0.19288026151648,0.886644015807536,1.49072957782299,-1.46306318946221,-0.0173187752907973,1.57170360537394
1.06264463214797,-0.533706743679239,-0.86940985470278,0.424000235596971,0.719505470822802,-2.03889469386528,-2.12143747444737,-0.56983050068946,-0.188384099568654,1.43653690839884
-2.17896966638278,-0.391248633297421,0.208425729133007,-0.461043012758013,1.37284383283893,1.744144987214,1.62814952806715,0.144086302119948,-1.35640730958913,1.04916487480798
0.911230504299211,-1.54651753361317,1.68278208198691,-0.704898405203002,1.76121901156283,0.437601260854195,2.02109660346173,0.831087381489219,-0.944102162625786,0.873854403543633
-1.63626706823072,0.542098572766432,0.507105068799682,0.329333271909413,-0.722835339897045,-1.1770095019526,0.0626939272141178,0.357515642712775,-0.723924871630299,0.676118027170252
-1.11439912453404,0.854972427573589,1.81881666285924,-0.00782915032614252,-0.605269750226393,-2.16823359582019,0.55189391534021,0.265987281112711,-0.707706538382739,0.674493890929829
0.891578441997085,-0.0400537851938332,-0.688448087364574,-0.238843163591073,-1.4621636728175,1.46287005773238,1.33772704095376,0.0442387000593647,0.0694639515556349,-0.420295885782493
1.28701079524051,1.12546301494555,-1.59637479591132,1.03177750890579,0.0306525107737834,0.130551035824019,-2.08029859313287,0.888236640868821,-0.17639328250429,1.17414780189687
0.83746256252771,-2.13735425277759,-1.32430496333519,-1.51789908741254,-0.343257066790389,-0.739849314047584,-0.945114520618127,-2.31365717156354,-2.33704054244809,-5.19620782428019e-05
0.0498117337939141,0.431008254010456,-0.326914614106921,1.25622811346694,0.213753341817548,-0.487293876350229,-0.0579841237620059,0.200959794935611,0.80915264143691,0.593902352249161
0.144576830466731,-0.250999625585347,0.855424443450714,-1.22611591365753,-0.470655422058401,0.680810236540023,0.778860995291789,0.27254485384753,1.32340512148318,0.124890783140702
2.09050422373373,-0.573600394427549,1.65340030323019,0.371998197877714,0.608055710799526,-0.029401787468844,0.562639384833148,0.0831633401292235,1.91882160215707,-1.9747715230622
-1.04060052053357,-0.0901135946264832,0.772973898258166,0.525576470247949,1.79093371442361,0.165734620490414,-0.557594331269082,-0.261724995552331,1.53856455633501,-0.139664530132232
0.57658172907228,1.9200661333629,0.813691764879681,-1.43483585656714,-0.496795740259173,-0.900955767745879,0.192809557499439,1.33796162710478,-0.623267435519623,-0.651027242246199
-1.12404720348133,-0.254188927248046,-1.43729164602717,0.39777771810985,-0.862487619470249,0.0729258328506896,-0.0234298128257903,-1.34064242713779,-1.30116331892658,-0.157915131407123
2.58201079119477,0.0401269845824278,-0.355862464053515,-0.779572888050254,-1.11317356362325,2.55813770458871,0.242014179551316,0.487056388343252,-1.93658918567066,-0.160921671292761
-0.49364088955332,-0.81284951526881,-0.59104616495785,-2.20453446383862,1.34195373791821,-0.538189151779327,0.741562738765644,-1.43697324599477,-1.20485783912651,0.0233598408280333
0.542615535244434,1.43652378011715,-0.969696535913503,-1.42427876610193,0.881317788033277,-2.16601041637626,1.2127793343944,-0.108921683579663,-0.834722054122158,-0.066896170967133
-0.953657352263616,0.690332404109001,-0.69436914065472,-0.599393289273665,-0.254583686438755,0.253656176477191,1.59542153217593,0.963926711355511,-0.0875208160796933,0.625904306207114
-0.27391711460184,-2.46090832376412,0.88492960150958,0.252451126627114,1.73168629996436,-0.717819950586705,0.504394614249315,1.4836194927692,1.19295321419032,0.518873072590494
0.54953532922496,-1.48653018169833,-1.22797755594792,0.922374933196802,-0.962316956382491,0.389286264342787,-0.0864013652443141,0.117597247241394,1.07529653751909,1.5156438090418
0.519516823210003,-0.324256598345529,-0.875107945042147,0.0498689117162846,-0.0851613273833585,1.96696598154356,-0.0482618610231896,0.687110826758066,0.745285595500671,-0.477497638042762
1.02453284128745,1.11736221510208,0.736901805057003,-2.71430574796946,-1.75591757744848,0.443561084381414,-1.21311369395998,-0.587113643476388,0.296470654915835,1.48953537130155
0.799368454282527,-2.17038537454776,-0.0141967672283424,-0.154905905076352,-1.5759364355754,0.0767568425147706,0.5316566535642,0.119691230312694,0.495309106978212,0.178648801595025
0.438881668543803,-0.198192734120202,-0.752592597364912,-1.91539076561529,1.22580680655626,-1.36771617754129,0.452270020349073,-0.420113890124947,-1.79941871451596,-0.713478354737598
-0.254230904953322,-0.305283319061924,0.907150319448513,1.1892649238621,-0.569013676431483,1.03668788862569,-0.144641781994883,0.73898871986915,-1.10896170406667,-0.0685885053952726
0.806373997498242,-0.169772371305849,-0.9869957052389,0.549004218994304,0.199701298605678,-1.51003475868992,1.96314263461258,0.191421132194251,0.505721260945702,-1.93705147133291
0.982566807047919,0.473443060783574,0.844514535292672,-1.11271733602411,-0.435779730842858,-2.44186128462005,2.33356442886186,-0.196335780083876,-1.94754531085947,0.27423910334072
0.513369518913703,-0.253140551442424,0.547361366995001,0.0371587605416083,-0.33980662193213,0.820912811240053,-0.0800436211800068,0.553180510594671,1.13975920414356,0.846138852087615
0.0284119328612339,0.301121004195223,0.00466214170844959,-0.388237937498359,1.11443987760952,-0.33211152292978,0.0220144054386299,0.339291390570451,0.724339500782712,-0.525903518219863
-1.26241907986972,0.390318146845892,1.44118879581408,1.0696173488818,0.174452878108375,0.235767611991131,-0.509465471750047,-0.346475096821865,-0.216221494829378,1.6268695769198
0.00828605313663198,-0.558213171168464,0.764546184397326,-0.248572551830833,1.08558705555668,0.615494199289562,-0.376739394547433,1.10916197085075,1.30664338316929,0.239335051348181
-2.34205643922544,-0.334480645240296,0.653051310094815,1.88475647806511,-0.663724802736707,-0.392972866995982,-2.13546649628063,1.01379240590063,-0.338877152817721,1.93200174757055
0.118195614452003,-0.225035807063513,-0.293932624044478,-0.427570777556314,-0.995838617536232,-0.869033529770532,1.38240643435787,0.856862660081805,-0.626003013251587,0.299132567284225
0.433928988831917,0.331032122133622,-0.289067943095212,0.0383245551000221,0.469015487586259,-2.2930528666319,0.277875934616485,-1.67247870609868,0.777694911364428,-0.890953134511119
-0.351784471547623,-1.05781457021946,-0.537071215216111,-0.220368047461456,-0.690134596915892,-0.869847627726914,0.111467893933749,-0.34980743852855,-0.501837048561377,0.208819956202365
0.496061904436401,-2.34612354063547,-0.87553819956202,0.0868514736844378,0.359548061601054,0.297179409935713,-2.5296251521678,1.78735795476739,1.99626685297474,-0.940266082811765
0.954714319614666,-2.21082828789723,-0.512346860427878,1.286227665208,0.0418069640791865,-0.968283609650747,-1.40079505646323,-0.257586690148376,-0.286245771015699,0.20758301686028
-0.0303004762055763,-0.764117963882178,-0.00327684816916469,-1.11634897257251,-0.231247211328708,-0.567694197285336,1.99820236551952,1.79352908145876,1.66506207117354,-0.268744987537816
-0.529458543080022,-1.11887406876522,1.19393914536644,-1.13385008117257,-1.12653023770602,0.413375515029032,-0.659236089466527,-3.13388580879016,0.25514007806364,-0.595437073244559
-0.54011412816012,0.151288163041703,1.57523757039509,-0.172416417582217,-0.0671987937371184,0.107705011867226,-0.498977023963668,-0.301148656439945,-0.182229099969505,-0.0592248247064369
-0.860583473639364,0.939120224628474,-0.329894898005962,0.0998507804452765,-1.51429330654416,-0.333584775728588,-0.093599007257189,0.879539166415407,0.790242105655483,-0.261280420639066
-0.391584055503396,-0.476404957844532,-0.289919977065276,1.8407641401092,-0.826504085705195,-1.0013902165871,-0.445844500010963,0.166568318562937,1.16777921160167,2.71512014883749
-0.421424721460694,0.739318809976088,-0.0158350287426076,0.0528938394171307,-0.517431745490345,0.0354817462566551,-0.365956057221236,1.08311573084887,0.0108498680955882,1.29064876574611
-0.949346827057774,-1.05019398240569,-0.841679804784868,0.563180758376285,-0.0721860826882666,-1.78868171925116,0.111329158200451,-0.364218342828054,0.628126277599118,0.465390983419235
0.272155907218712,0.163882666892229,-0.114497918775196,1.19713119500693,-0.0818274182410667,-1.29402552771687,-0.317292024920294,-0.0786775841654817,-1.06901766936722,-1.04704224206742
0.112773638661069,-1.96565215028971,0.565689731298418,0.025870931841929,1.19976806756262,3.03291291836055,-0.416710675168298,2.36579032986921,-1.21879129208767,3.07761195491844
-0.77669035470844,-0.234401807472241,-0.341961624034946,0.193299850750734,-0.762187776265445,0.270172237782164,0.552909482954485,0.35823802660154,-0.359280464903373,-0.551668528732121
1.28423699556733,1.33499188918347,1.18150237809398,0.268995978901723,0.168133245227468,0.424057538416238,-0.0211392192560528,-0.823706022248952,1.36330251568521,-0.955894275829579
0.129149338626721,-0.577358370021783,0.823568486976144,0.446008332840228,1.73040627746712,-1.38205571624088,1.02223865809135,0.0660965123348653,-0.0657271476078704,0.163596997411162
-1.48817937083929,0.823895952590952,1.24695930557531,-0.591771068653946,0.663329993949006,0.606261839162457,-1.50553144764338,0.285029056516852,-1.6494718917167,-1.23812151126818
1.78347280962428,0.476111373377099,1.03017416609477,-1.90513847915955,-1.69563534131336,-0.469660610871539,-0.461283849709078,-0.800599536921541,-1.60101663398884,-1.83577461227921
0.110523003513338,1.34038432206309,-0.0536059307621824,1.03285452829942,0.769394376862311,-0.944171491386424,-0.688852587840721,0.169209102412459,0.0557422527628411,1.26829788273934
-1.94872883634006,0.183722694112057,0.0571185058637556,0.335389392429736,-0.143908895169594,0.479400557600224,2.21248350342677,1.38751865723382,0.938789969231395,-0.36467939949387
0.745833430370544,0.0279108731873759,-1.44631683680279,-1.25681293587668,-1.62934174391425,0.486621521603564,-0.168106364542391,0.940886949307445,1.13031739653934,-0.654938263675685
0.549869893680142,-0.371205179317448,-2.3843643354648,-1.78865873920399,-0.982835868433477,0.718910003127593,0.386430666831814,2.13097733739678,-0.594787448485642,0.30827589823808
-0.0732760669710279,0.671523999743933,0.579514646505043,0.477245031920609,1.09469269563424,-0.530853837134036,-0.286953676485398,0.428406622795995,-0.33179283847862,1.40341183513498
-1.179009083186,-0.0205076251921354,0.426817341661699,1.2091241632793,0.330233316163932,0.803352388036463,0.851151680261332,2.18910229790649,-0.360627779742884,1.292419703774
0.270953853240586,-1.94512910305665,1.25821507367006,-1.56033501175318,-1.61100362803998,-1.46327536801392,-0.367860661393714,1.58635540379674,-0.0979479359869455,-0.701648534870638
0.580230497438831,-0.255984998611467,0.276051163905799,-0.261649598807786,0.759530837421943,-1.2948741746325,0.0857501614725474,0.760590821492374,0.934179252735689,1.17303207916204
-1.27123179163373,-0.977138904925737,1.17441884552354,0.966141882300994,0.0984611361304373,0.45771694614061,0.758276965046129,-0.635630798436749,-0.978709088555183,-0.332857258210133
0.47784187654232,0.558282749282014,-1.74274083646876,-0.0141879686782354,-0.978447133649459,-1.27227757044974,-1.21041462022515,0.591401473819059,-0.596613479270659,-0.256132066760076
-0.357024410268763,0.557760573208474,0.699600347025345,-0.53677881707804,-0.868755447247398,0.74821241970159,-0.0643799618446988,-0.146761419031145,-2.09009749701405,0.622761707904885
2.38298056474486,0.841049902389082,-1.29899891038649,1.71390975487884,-1.08464274508344,-0.529715144416864,-1.05407716028149,0.746071953153694,1.31847438129566,1.64855485105424
0.34361471485847,0.705145008485634,-1.88813889544006,-0.657293326359083,1.29775738140354,-1.29705977883604,-1.22004676403959,-0.442871538746717,0.351466050021927,0.392025537977968
0.0213559696823926,-0.85119355071582,-0.442601802326477,0.0753444015322375,-1.64128417847426,-0.628533335716593,1.4463185986487,0.402720337025126,-0.192979732451342,-0.280761889801639
-0.4303755883253,1.3867166016096,-0.556339602100644,0.189677558034178,-1.10725276439814,0.555816308287457,0.337429294929977,-2.69732733736066,0.728991282702156,-1.2422595323789
-1.68044320951734,0.139725640176654,0.457654359615267,0.693135737458547,0.405226648377133,1.50413486633519,0.610279121400342,-1.11310241663468,0.922721353808812,0.359629054180865
1.34250419794266,-0.538082072932265,-0.753327787670416,-0.808549422426666,0.494310400634648,2.07701409430747,0.92803360082985,-0.0380771154373368,-0.317915108281584,1.11289364515908
0.287056211628308,-1.3449649381551,-0.819032338756288,-1.42358922965596,-0.259937048248374,-0.89742199578483,0.396006339087125,-1.46966073304085,-0.359562610008502,-0.709964041320052
0.349791260776162,-0.181750073929826,0.562346833781887,-0.508155771861653,-1.4324752334036,0.0143333847869972,1.79702015046211,1.23965947142083,-1.19000681077185,-0.228809542813564
0.577583623878813,-0.198265059324683,-0.548611930661551,0.933555288979933,0.12417175411971,0.815224083659952,0.111430705096709,-0.216823547468732,0.00124349019881352,1.17031521564003
1.11527312859964,0.310821158225501,-1.2877985218988,-0.0490139061751641,-2.18105143657749,-0.972824441437947,-0.178965264240395,0.775931848223461,-0.472434387365848,-1.92700131026656
-1.76886327030307,0.653011321688137,0.917851872868892,-2.59337100312977,-0.526802791158839,-1.61243745275918,1.14005014921136,-0.0655920322208094,-0.498674329127958,-0.538440193148474
-1.31324593709301,0.306224270076611,1.42887718543238,0.941844681297935,0.587933317042616,-1.07203151634672,-2.1757193923298,-0.565938207501091,-1.02467986171918,0.324944149696237
-1.59701280245659,-0.357829916555614,0.727234084614055,-0.625976936970818,-0.0177698414162841,0.142495605019461,-0.682088737257431,-0.281394369360258,0.539254737205074,0.0331563656198223
-1.08380424802127,0.339089659272012,1.35315596658164,0.164776669887818,1.4519075043607,0.0130189765275856,0.0630455675981203,-1.15771056544775,-0.504994361848588,0.136271624120781
0.795565410523706,2.17322386962028,-1.10272656334276,-1.47390314767755,0.353253669646145,0.381223620967076,-1.76121545734071,-0.343720835511424,-0.867074092159672,-1.1239936074308
0.502478833885376,1.58888237462375,0.776105450676217,-0.67856572233163,0.528092408158132,-0.222242071897972,-0.0552140686962284,-1.17771537186862,-1.90202510457942,2.10365724721389
1.16561676389593,-0.79039253485056,0.274546876766843,0.549604470744598,0.0210880512363654,0.805388735159974,-0.119397361449924,-1.19761618342363,0.332962128266607,1.47865046766252
-1.94779556403774,-1.50798929943382,-0.199861837110125,0.189546886556579,0.221567215684645,0.707788737922065,0.0236746925486144,0.580560237207139,0.184606769288925,0.834934140555715
-0.18335858514914,0.424563260981652,-0.367583658339184,-1.2695111311564,1.09442015937707,0.0836209814096922,2.21639960941211,-1.07783252111393,0.0889729759337457,0.37743688738491
-1.80589402687874,-0.186172396477057,0.421757566268604,0.400314666103401,-1.683107857714,0.100135677881185,-0.399831162370482,-1.04804760355558,1.09557883644574,-1.149604951289
0.634807473821871,0.3846738239655,-0.949238041670934,1.01416735854408,-1.5016432032145,1.21107871659507,-0.313057151292435,0.735985506367591,-0.663360608038957,0.227881926690145
0.182167505642428,-1.98037262016117,-0.595555296420269,0.367921299219306,-1.15215265313239,0.117824397469101,-0.141992568242471,-0.0831343037539566,0.565596625181182,0.596234092726138
0.548817091023971,0.344895345806276,-0.853807312344696,0.604501842287923,-0.00156146735737991,-1.37296483667369,-0.279449905882861,-1.2788489637488,0.715076532650477,-0.166495455137843
-0.228933309613643,0.297155793497084,-1.09037383316667,-2.92560681111992,-0.971069504019564,-2.40092898003309,-1.71626615280331,0.0602425132906686,-0.65005588576878,-0.57270172288703
-1.14363481130543,0.331985948485085,-1.11890274383457,-1.56054218702123,-0.204700227313753,-0.177927498072195,2.28129204284109,2.06047311710921,-0.0837823450572883,-2.28649984189277
1.01790359575995,-1.30762491202521,-0.382599027294442,-2.06726767246874,-0.386243641918163,0.5996234268586,-0.293007763169135,1.40868967682693,-1.47153825975377,-0.961158348834696
1.04324779876165,1.05363407279156,0.324621235620602,-1.04715745866079,-0.315365490262424,1.29081059162042,0.733960790278437,1.15099591561053,1.21597827175835,-0.498249276736984
-0.360477417457914,-0.160254020739511,-0.440633093510247,0.982695774597789,1.33922574702649,-1.83270594431178,-0.819274208675158,0.593314433043764,0.517218700078151,-0.934260733347862
-0.28122148228762,0.482463175603296,-0.694138212390404,1.17692510750373,0.361628382262634,-2.0934648041133,0.237188047830336,-0.228514704132916,-2.68288622347397,-0.963557438985663
-0.533115278993371,-0.724066525037227,-0.435600988099624,-0.112386769253365,-2.07246175847013,1.02745159240324,-0.925898179759984,-0.297792546154606,1.61892433323278,-0.0589262853258211
-0.224388413868756,-0.963798965964054,0.210536559075299,-0.510584347534458,0.0594029601922519,1.07339002923461,0.492131865433548,0.34454391485212,-0.760387765817183,-0.733705595333562
0.309517907043356,1.59025168308304,0.761403701363132,0.332599848822825,-0.380290075698296,0.858500223890032,-0.325279879772933,1.26160172721829,0.853146728031065,-0.526005237323095
1.27326916016156,-0.962625279057548,1.5711173152563,0.397431625627742,0.825521106830269,1.64671420794226,-0.919010150488373,-0.63232687048658,-1.88735238712477,0.129502847645873
0.611051076787853,0.819838636864472,0.904648798797806,-0.107658632746778,-0.11333429755376,0.651280040121102,-0.430893347536519,1.25335104586055,1.16901986015875,0.208536592073708
-0.87732911182376,0.147470666621984,-0.977603413699033,-1.12479643568738,0.0675307732356863,0.14531018849095,1.38851709101311,0.926832494162898,0.0410844428431432,0.386401749891629
0.616083615903187,0.374360429117994,-1.21956331723986,0.219706768865004,-0.0566283052307167,-1.61457846792481,-0.96308720234343,1.4739853531594,-0.661423074054216,-0.946065980701325
0.280645920894993,-1.13722405745368,1.83111622537233,2.07517618478788,1.3149488510163,1.03960033227123,-1.18396229549517,-1.63947760588353,0.690901559504948,-0.0428479065556105
0.171085301950098,0.0223852636925627,0.69269950552192,-0.595817845913301,1.04776291989889,-1.15712245639016,-1.8160121459541,-0.287161761071211,0.167815316556627,0.436200182935594
-0.356468669172871,0.567815635520363,-1.61969517160953,-0.868868679579416,-0.967401614878165,1.64149066167566,0.899174395053531,0.253931997345497,0.0370830274471475,-0.57314262060203
1.0064812481271,0.142782205313859,0.524688364804984,0.376115517409194,-0.393613383830614,-0.975614655415771,1.01168519913224,1.05156738179626,1.13934230164834,0.845415325077272
0.189979434888986,-0.485760575241051,0.0540119449126121,0.144408841700964,0.363730898528452,1.37116133291821,0.0173369875919179,-0.910879937984192,-0.348928825999407,1.69469995474762
0.40964193451287,-1.06758676806343,1.71166441689692,-0.417763388355298,-0.5380061638779,1.7305490305695,0.32664374661077,-0.6998912991079,0.532578233053679,1.85532708283885
-0.618285904351643,-0.0430401535249013,0.400730851213001,1.54708274317794,-0.161459896475136,0.742318465945788,1.64759199686163,-0.667612007466994,0.411965316692889,1.12046192233544
0.520636235948436,-1.49329064889521,0.484862370082098,-2.37806966105925,1.64636673501048,0.244432223358904,0.377645263263699,0.852762942716784,0.297270525243233,0.903249788941616
1.34428495203389,-0.309407964350307,-1.25347295675684,-0.231523085314505,1.10820823528591,-1.34562311897616,-1.19811643612891,-0.639884718617006,-0.777058001472671,1.0416987857934
-0.663591222399449,-1.26427664221382,-0.939124549648051,-0.898910969110086,0.493404876959408,0.51252892364804,-0.25220728461432,0.542151010160713,-1.16641657888175,-0.86148075880097
-2.33520421953509,0.334528495647557,-0.00171162079320555,0.0569955432749234,1.12094583803127,1.7675215302515,0.837604644908215,-1.23319306268489,-0.322476633436542,0.0104730100149951
0.396204307646476,1.24719731110979,1.13366244742559,-0.766156998277339,-0.350532592859354,1.12294449409733,-1.46170840580009,-0.19460785034106,1.86033384662299,1.93283884783156
0.429847766763121,1.36812337255075,-0.0323100280406634,-0.247579080654524,1.82437536029821,0.970789773168698,-0.26742446217555,0.76339269976831,-0.00895859001196656,-0.091550995437729
-0.989726483682912,-0.712493617029924,-0.409079699279059,-0.262144044509705,-1.0749032259818,-1.1016371958263,-1.98148593985525,1.13460841563839,1.35502012857675,-0.589634590804675
-0.240933671502402,0.828476595506332,-0.162938489190678,-0.450316894096466,1.21480532030859,0.467030603546531,-3.03454208584436,-1.65082304690952,0.719332492492683,-0.0867639100492696
-0.491665015283091,0.266494238034992,0.928594592577223,-1.13454375084962,0.720068331033542,-0.597484232446376,0.513694819324268,0.039375581232092,-1.57466718452181,-0.98864194384114
0.0266287783060496,-0.819605311615738,-2.06328672588754,0.226375789328487,1.48654480464534,-1.95122053650206,1.39604512688734,-0.0190026167146581,0.533053561448593,-1.32471859019508
-0.679035567702046,0.857183568139505,3.23257872339065,0.882398138648496,0.943594263636284,-0.521441000513954,-0.595778562602387,0.434050671979585,-0.532024356491899,0.306726991258495
1.14309584120617,1.84972633201916,-1.20879548241581,0.696207754242406,-0.316541284597167,-1.2501752870663,-0.0459085793863297,-0.120205798338578,0.89197081054336,-1.0755130998027
1.31519538729781,0.611821119040323,0.398498308543009,-0.343804092680865,1.17361996086235,-0.947584651851063,-0.651597583146812,1.95326087383017,-1.60991614731638,-1.20790233961031
-1.61120036299664,-0.790467218306319,0.227400981592547,-0.395313865596781,-0.355860276978183,-0.344729977798219,0.329855969439026,-1.29443455275333,-0.348699205832877,2.22123989268316
-0.898684083973982,0.337854882129085,0.126006297556957,-1.48264610968579,0.672006464248119,0.0115685184996913,-1.20372576845329,-0.0237061396987368,-1.51593739299046,-0.361241679122706
0.238160294393914,-0.0484983330504726,-1.10344401745014,-1.11856462436304,0.23915803446114,0.220561538664143,0.605840440119367,0.811420584430662,1.15746625879576,-0.597226160093491
0.0825363032656951,0.844012239909501,0.714253982587748,1.11759815549074,0.161805681567458,0.479807170882871,0.397142505634158,-2.39222823536752,0.527528765202789,1.26776198906839
-1.32752218163069,0.0706066485481163,-0.545674029866294,0.526908610760429,-0.356953951298019,0.459420602730245,1.24204904562347,2.51170519025013,-0.530796681624606,0.445959671700725
0.902507267790863,0.16275271715344,0.334985471207079,-0.25816274009763,0.567313673982137,-2.34246633047736,-2.588048517152,1.00130451230625,0.0723549461480345,-0.577291082406785
-0.646344110878022,0.272959916229436,0.168701595659642,-0.189422114468208,0.592625549292659,-0.771751961864208,-0.0613112868926263,-1.225861746368,-0.181450125167303,0.000944128942707188
1.14621996074179,0.593779280576263,0.423864149750027,0.254189974972286,0.196568400984212,1.4138986720172,-1.01337356500947,0.205781611577033,-0.0487866140995476,0.702006133268419
-0.664033157727659,-0.565923481760874,-1.21130960488237,0.137375733569888,-0.42352146734953,-1.065122887645,0.659146622821245,-0.00818348234833086,0.79858182113362,0.409934542389573
1.2038486253279,-0.217842089111968,-1.23394616567605,0.415520825042889,-0.278312315171825,-0.322418844320916,0.403498360173143,-1.06448866691722,0.970839589608924,1.35245281131729
0.648292222517371,-0.170488965885726,-1.35558092257895,0.816797329425926,0.766011648613952,-0.850975416685616,0.20835637892644,-0.994599692123733,0.478103315988749,-1.80189117455243
-0.157805384365667,0.295141830586572,-0.738959757084503,-0.894052741788606,-0.0287012827781055,1.79290920393318,-0.268132594542455,-0.0184182945022456,1.68789416276994,-1.48461794705993
-0.985719763650737,1.26257478124599,-0.273609117157739,-1.81487284357185,-0.931819904683214,-0.132575509217082,-0.456620515556365,-1.54245177979833,0.388094332869448,0.839699467289341
0.0188228710497495,-1.03909892981776,1.43660264166043,-0.830634457850537,0.948617330087156,1.38041128256165,-0.601137566234125,-0.697259371110852,1.89433068284007,-0.467220355618519
0.163930074234531,1.71045674699445,-0.214383800594301,-0.658511974697039,-0.679838518632093,1.49143420613789,-2.23102968427743,-0.917025805921687,-0.80007963809691,0.383087852881413
-0.49145051195758,0.311687856135046,0.663453438730466,1.50495837308547,-0.518364925387623,-1.10361655874244,-0.656156909495492,1.60586358278704,-0.65812274748226,0.469356597263341
1.16366238201626,0.301949169499897,0.157221492769961,-0.148636870800553,0.771503631162785,-0.374654867941819,-1.77740455996224,-0.727338520475756,-0.475520852475642,0.559478999508349
-0.353643801906451,0.565010918514858,-0.805775700716399,0.96017058574632,0.174171732799046,0.471210902200741,-0.559018083762619,-0.116817074970868,-0.0600838239138254,1.04893944697345
-0.211143769629613,-0.624283782056718,-0.341862644441574,-0.258185230535253,1.89619454861866,0.31592481076337,-0.435497589294257,1.12207056747122,0.615929218358661,0.436584829589807
0.733529955710709,0.861154520302343,-0.0469092161622459,-0.106393832212204,-1.11295828273229,-1.21280316922981,0.915447795341185,0.283743186326108,0.538183551212867,-0.743496108118883
-0.0384853812292766,-0.81449739896,-0.849732307047324,0.299981690140737,0.888986732796169,0.323359220952749,0.706271087818568,0.844510156283344,-0.242268815296819,-0.318495995997952
-1.05463345514014,-0.296498628863665,-1.19693022830205,-0.480680705220201,1.17606034841207,-0.859769632530784,0.394214821512263,0.699196956366377,1.88832736376728,-1.32371114063799
-1.32035286144545,1.62165637386758,0.151721243968698,-1.22273615399961,-0.746780993861371,-1.32020599869201,0.76893925335673,-0.0226445455672423,-0.465899281663735,-0.29691437852524
0.300584747154415,-0.365145119362379,-0.00458886843198686,0.82504180773563,0.131352642563468,0.0028714857284354,0.228512966153466,1.40773087704329,-0.78710908087224,-0.508057660726653
-0.019918732843902,-0.0954262849736801,1.16893327900865,-1.52940693207494,-0.834416392759978,0.922568102177246,1.09191856018724,-0.292940500613664,2.00923412403822,1.27529365916817
-0.997733418756651,1.94056195980424,-0.241299883070216,-0.171569784833473,2.0540964921872,-1.2589597336131,0.729552796479212,-0.706966423874396,1.07868599100913,0.243068052988346
2.0574186434275,0.544282946240158,0.452789344465369,0.664444576667149,-2.37114250459023,-1.1042404014715,-0.50637495944972,1.13990902596125,1.02601718991632,-1.08705601635272
0.632263480627773,-1.51438698306739,-0.986871338135149,-0.0967060938268976,-0.622323356234456,0.0374534867897103,-1.31596388528079,-0.865111167719244,0.679671937145016,1.06557279689389
0.885151978281025,-1.17906706486266,0.53700544692876,0.440998702948007,1.92728214175539,-0.575061008202397,0.798986131275279,2.09895759687318,-0.713633619464611,0.636064424196803
1.49333749299352,0.947931488440225,-0.193260461586339,-0.857882771313558,0.843507483036657,0.747934836644507,0.0435873787768243,-0.114908090825937,-0.509109262960185,-0.811781583138776
-1.3113899065163,-0.656061135891257,0.879307658771595,1.53411591645012,0.574142390185436,2.85729657764055,1.61309876520445,0.101792234489143,0.989890243420748,1.0424688101312
-0.0987908452534047,0.572905324792227,0.184927947664949,0.810678483090214,0.65776045821543,-0.441782707815292,-2.15575319017862,2.47010309609458,-1.22563051197155,0.132009297687217
0.146851985587647,-0.0937422488373527,-0.488208013366091,-0.850404742803413,1.60705883998172,-1.62230911583763,1.12321635918478,0.0515167227438792,1.08032905770205,0.557733878690742
2.35958152450745,1.15419218567172,0.38778198826752,-0.985095296096354,0.625166382610982,-0.696646031682937,-2.6045553110315,-0.977200725108913,0.676027980039146,0.72863543355114
-0.147800659641883,1.13516938235034,-1.47823468901514,1.72072438194974,1.3033515718141,-1.34979127641424,-0.590354276504318,0.128916747163113,-0.115977932352355,-0.0364925881651512
-0.511616445875554,-1.31761056626771,-0.193065964357184,-0.277493916079107,1.81071701531443,-0.58651411414608,-0.088677011129724,0.685823069353975,0.121102862506628,-1.48927796416726
-0.909248786672194,-0.134473033887715,-0.275197868297548,-0.525771647132903,1.7004560579112,-0.110038740166254,0.331766836343141,-1.49963698532964,-2.91236684099809,-1.53149962612262
1.69085710597645,-1.30398245043809,1.40550252592023,0.0126832116652949,1.53407612289072,0.0123208254236555,1.81092303923351,0.108008239716144,-0.0925219387776746,0.85034668006001
-0.423311911003936,0.26996861117405,0.851206119363943,-0.978595818241341,0.690354299288815,0.185112484416595,1.11766210974168,0.666596899177946,0.931430902601031,0.476884153451726
-0.345545980290341,1.09435332458178,0.826684250438103,-0.937398702732872,1.0247240441215,0.277439105311707,-0.0447529876446235,-2.44036474302694,-0.873994797533398,-0.653494702410715
-0.362104135274151,1.28134978092728,1.25153702203447,-1.17215883078492,0.0137769353136804,1.47037188083658,0.157270142322211,-0.153044507730673,0.26818758218457,0.57512027694029
0.314493643926302,-0.706118609604065,0.883163893404248,0.683894916570607,0.877635234888967,2.09201123915798,0.346445706705506,-0.582232967408279,-0.423253170625026,0.829244346007168
-0.306098239494032,2.31192020665771,-0.0907081259897217,-0.367149091763696,0.646380579967558,0.967768126129127,0.532224565884561,-0.291789739489458,2.21349480137245,0.479408465103874
-0.0402444893047722,-0.268485066016666,-1.44070459559351,0.529641909618016,0.64635970790323,0.867434763977674,0.79093957234322,-0.318708301076029,-0.992775718100665,-0.176240137142204
1.10371244188593,-0.343282845078019,0.0470569895606549,-0.481382503203294,-0.133801060784708,0.0154222233587028,0.688578474464328,-0.309059667683562,-0.789221183409253,1.04826247540839
-0.284826176329834,0.448065374235867,-1.85591955444482,-1.22273787436588,-0.163285768661707,0.73195454079439,-0.594722291236711,-0.953243611411135,-0.966933048774418,1.485543712534
-1.55916130592723,-1.12659938855405,0.151458733539445,1.26769950391448,0.536583579354938,-0.962438289615094,-1.19480938937445,0.745532504730611,0.166403772741448,-0.77018826350045
-0.799948171933417,-1.38542726803582,-1.01229449365307,0.721354069004663,0.746968285493736,0.490541972918254,0.807838409485773,-0.0516594480288235,-0.461428723201196,1.89405006359266
0.332787697840749,-0.144650226713183,-0.753891851375721,0.829411951296615,1.35851771425535,-0.733538895869204,-0.84959845008075,-2.21739827675216,2.65825341800114,1.52551962391433
1.12278115074074,0.442666485662305,-1.8466183994656,-0.673359869773477,-1.43552887421247,1.53348554830657,0.33306701092557,-1.33740371671714,0.0736220531933159,0.48383486940443
0.530522666118956,-1.55724994123695,0.0644660176868106,1.38761991106113,1.69438580409895,-0.558328058210455,-1.52310762657441,0.198177013326001,0.921816775422179,-1.64346801429153
-1.73987606974919,0.389783794216031,1.45649981479795,0.372668615357368,0.267077840771774,-0.808732071406947,0.79675047130702,1.8196508246114,-0.868550482101417,0.22289395286993
-0.577697453679369,-0.685355662616865,0.642792446462197,0.968390864076177,0.192380078978047,-1.36116152577038,-1.66394596936376,-1.15157981209165,0.18138321650581,-0.525458269324014
-0.904993091763392,-0.628142731896883,0.209336460836967,-0.514211416716168,3.35883392872605,1.90732001914273,-1.35311861278528,0.987459241364932,0.249989743012873,2.21350730425391
0.940322090713933,-1.53508274243319,1.79062799085419,-1.08940786598468,-0.663811966434525,0.272544572861813,0.505416662391419,2.57770980359893,0.0347483828924647,0.728604821871563
-0.624286376617164,-0.424835989822937,1.07603807591214,3.15881629318816,-0.727043957826352,-0.312848747782547,1.55345958739214,0.864344364300905,0.0367708209638082,2.4595336672621
-1.32032357242244,0.058092197041029,-0.796489102682026,0.710709310430649,-0.844275709943194,-1.08057579842179,0.984123364172439,-0.916139561997037,0.819567463328869,-1.42256138579818
0.37967661454211,-0.236285280555871,-0.347924058133396,-2.15738008888924,-0.210626913822286,-0.396805625245537,-0.49705224149124,-1.00820897596176,0.0281062154952698,1.58140347618203
-1.11818410443405,-2.05940990418616,0.310887338796455,-0.374340072434077,-0.16461922917817,-0.341726521312795,1.14651854864861,-2.00090950953828,1.3798101441019,-0.440139155495588
0.73710359125461,0.863206726304281,2.13848230698996,-0.18426658271314,0.493115090328535,-0.974603710447887,0.415055616681592,0.0221274300792853,-1.43349407112002,-0.904907203770872
-0.600152639972923,0.747201102522243,1.01402770527465,-1.61386745618585,0.373744666937635,0.517726828320659,-0.158026400498293,0.0763589055368118,0.118808012161727,-0.486426661735833
-0.44239213794799,-1.13324792567987,0.175385229883519,-1.61231876764288,-0.669577282126984,1.25016193570165,2.2558530907521,0.240501726172362,-0.889461605608221,-1.57498821855997
-1.37098279414061,0.549555011743518,-0.894476406332967,-0.835098178290308,0.0918378093373654,1.28689657184157,0.26609838398098,0.319720571632945,0.357893000410562,0.8877260062697
-0.0468875226423015,1.12853537369183,-0.13657312335596,0.359321630698318,0.971424990930422,-0.321249430183099,1.7279796398792,-0.323718597300883,-0.640909483178364,-3.12570486199958
1.81775527004563,-0.0994453753161011,-1.39235504297381,1.43507475648617,1.04489909377848,0.821992696315463,0.701303089000431,-0.0894627131718363,-0.565109363984332,0.395217877629797
0.605755488128315,2.04750932111485,-0.17581231244957,-0.0980743546917338,0.00782067376691216,-0.634422722298915,1.48888793616098,-0.329643495269656,0.606018908851482,1.02868810971852
0.110004902322856,-0.857715573463392,0.59853407546085,1.88655292677677,0.495132229342284,-1.18353041724726,0.820857460310597,0.601537560269529,0.911079278731763,-0.915821258356333
0.411167134678738,-0.555817164863967,-1.41512139522392,-1.30551232192633,-0.691420442422845,-0.572133656098549,0.0783588740311989,1.99483457865203,0.982674015398726,0.459027657043977
1.15096099277077,-0.507241187089386,0.823791906890269,1.49778474523879,0.30666855332309,-0.397495154955755,0.218773348548698,2.14159436717524,-0.640785769701614,-1.40237006346848
-0.794260324495222,0.713610032490781,-1.15525454945309,-0.783602267852486,0.131931948311398,-0.72718929084778,-0.363402166805885,-0.164434894365572,0.0902136905312097,0.228517084894909
2.26163584505134,0.530006375778585,-0.431488411469159,0.800728686959708,-0.73705145280187,-1.0690705959271,-1.98566194420479,-1.54887023334811,-1.23349750213537,-0.408872409464328
-1.45029555465375,1.94103673378845,0.740196908850136,-0.314508583509222,-0.336827252204852,2.45428281712548,0.0518884652948969,1.53273494617776,0.0824778471207209,2.46221166807908
0.923228760867926,0.411245436284931,-0.135237595214176,1.83749651168846,1.20010816271096,0.367131580311189,0.159845315004591,0.251029204144228,-0.650475891296425,-0.903503364096934
0.606721577478952,-0.23472827841619,-0.374493099761696,0.127860930635339,-0.78348194753408,-0.586051890145679,0.892042695915006,-1.33544490332265,-0.200092899812391,-1.21392029471589
0.105534076646217,0.125993927140377,-0.256432754945574,-1.55761104148068,0.499398259332978,1.26619955533382,0.843596454012451,-0.383668184843382,1.26693700962004,0.637120575764522
0.452618490048541,0.304292823233147,0.337325035522767,-0.81373897680198,-0.552884215621432,0.436658278035541,1.69348478263421,-2.1381621098272,0.0586206164182142,-1.9314051601492
-0.0936148719099619,1.43425307057666,1.59249454477728,0.188905334171401,0.335598302467475,1.155059520305,-0.844971210331392,-0.899446905337541,0.703927745323309,0.848171843854675
-0.980121485843615,0.871397490815609,-1.60137334700408,-0.31591278812583,-0.756238512289509,0.699981719982587,-0.808993890273954,-0.854518561690008,-0.464457893698819,-0.181719386714874
-0.141558323615367,-0.361756349058616,0.177884118119064,-0.396414594810101,0.144028926874361,0.0284922870126954,0.536899607541379,0.930607940836581,-0.585996908623493,-1.0062467336395
0.954941961606927,-0.816656551776601,0.0921171634633324,-0.260867032970484,0.203219940756633,0.00273566307197673,-0.226478615407826,0.946201920459193,0.120764233502742,-0.987015843255109
0.515884391434049,1.52234535366914,-0.501183630012194,-0.00617291704588787,1.01790647818029,0.77194912521913,0.0565490293168201,0.432979908901986,0.355024915682826,-0.664850025768642
-0.357584591055912,-1.36587783284392,1.27296425719472,1.35170232932133,0.0961326631394778,-0.666381143592159,-0.46368685462176,0.637441905320498,-2.2443681445322,-0.0366201197533876
0.234394202568617,-1.21113985731697,0.649790274819537,-0.67933893528369,0.848459425825565,-0.885892376125343,-0.649807082846779,-0.193250341591227,0.28855047068439,0.631141066065492
0.485873224322644,-2.58743409629769,-0.713481112454647,-1.13563463120739,-0.192228346905632,-0.428071363566462,1.31017961592348,-1.28634275335629,0.412161645347958,0.439389813555248
-1.90788059270515,1.95761551289923,0.20474453648263,0.392246437994452,1.408592708755,-0.435475274045752,-0.962166683334191,0.0608953593568092,-0.592876110519831,-1.84144194204655
-0.157849677176471,-0.508989391038701,1.00836204071432,-0.808037473692879,-0.356900197257114,1.37458651720035,-1.49956324617155,-0.761962462796289,1.00794330462898,0.124390389041302
0.270409216900715,-0.089662043953349,0.163533531155444,1.04601486608662,0.593005084736162,-0.750822887684492,1.12988242739714,0.832934092617554,1.44798450921365,-0.892696957263799
-0.0158342332696176,0.63834447586353,-1.04257313959981,-1.17141750773298,0.42212254148288,1.11166999637838,-0.0894479839055472,0.515892017363367,0.5383827946108,-1.79812951488725
-0.2233061440642,-1.2586223684467,-1.78103179817806,-0.0288020831619285,-0.935514554718313,0.219726424711498,-0.336459102452673,0.0341826767840798,-0.128140904580027,-0.345921202323442
-0.0923775658831754,0.366800292865954,0.821032014579567,-0.0393908375359838,0.682171215890946,0.659188273057055,-0.329132701937334,-0.307511588560012,0.0593745358408199,0.401326663378067
0.0647416980490626,-0.599228724735098,-1.80661811951043,1.00204517967195,-1.19264811848185,-0.171676528629842,0.433929665937682,-0.936153283551929,-0.57207570122352,1.45104356524048
1.11411006024585,1.11763318317842,2.20073904278525,0.148838508346205,-0.052086582268992,-0.571320750808374,-1.4036453311009,-0.941834032626224,0.582790138802864,0.55765572058139
-0.898116995855569,0.710924281724411,-0.512452323873009,-0.58433427390517,-0.556805536658627,0.887807179581008,1.96099067698411,0.317288976818889,-1.05870744393261,-0.913593721841197
1.00979672205293,-0.16657209174336,-0.831347855607897,-1.17916459872305,-0.272133082843127,0.600084170766213,-0.952246271389685,-0.381408568491789,0.401778284050329,2.19645263859384
-1.4107037555223,-0.421216252572827,-0.548089298653157,-0.827437414182726,-0.445913397376489,-0.581707946054248,0.318764976409177,-1.71512330697708,-0.0325357969073942,0.203509974288451
0.107432630419071,1.76105572927219,1.01831336856266,-1.07740821710872,-1.25158377909614,0.464959837438203,1.31415922888426,-0.0187061114728113,0.95535527431012,0.00580577349805518
0.912015449165926,-1.02300308605118,0.473253761933156,-1.95893301894883,0.237943389955049,-0.639938403064922,0.951371835976227,-0.598063860189533,-1.26006122055872,-0.502693709185489
1.42156176823045,1.40713810588317,0.711658411122883,1.76950895849564,0.634856654786335,0.249723205240683,0.943617804955974,1.23945476069669,-0.282760134575869,-0.227269109778736
-0.70999037360747,0.473579359964863,0.207435088793281,0.0933688900552899,-0.450791367980258,0.631561675993106,-0.280368175160491,-0.149232177864253,-1.12191551829298,0.0874730614381194
-1.46568609726527,-0.735532353863402,-0.444109865081098,0.409724357514936,1.00563347236527,-0.822071894421846,1.59630319753551,-0.765716558670504,0.0639094135847176,-0.216214668405181
1.02017811916167,-1.04782349947086,0.0384107415507427,0.49622959141704,0.411456684603506,1.24910046839685,-0.293361781822239,0.16921471382347,-2.08107692280893,-0.328100872806882
-0.100641623193204,0.00744004065178796,1.06522826340083,1.14169771901111,1.63515479351136,0.899076608589092,1.24490362176849,2.14100309656999,-1.03563287199595,0.0454922388600424
1.87606345066018,-0.821889108411893,1.61357243994081,-0.214501301058611,-0.544111304677575,0.134020061705194,0.600154809563487,-0.843616877587393,1.00522279667146,-0.663895987692329
0.404525845876381,0.0460740138104676,1.18483418601785,0.150778017864389,0.559793726542873,0.615925769033658,-0.881219984951118,0.232072233205658,-1.44774937320342,0.194790885405433
-0.707608657659389,0.809890058050324,-1.65005096146393,-1.43096772082775,0.00133815051785,-0.0385298313113248,-0.332844371902903,-0.682335855658265,1.06467573713994,0.349675839437318
-1.43643344641017,0.0516911267847843,0.743418990517458,-0.142985051780329,0.609649768310406,-0.641596529686608,-0.708880955240727,-2.26136934830289,1.66158400711351,1.12139905649567
1.05440160266732,1.41134121739365,0.474054124598893,0.336768968573608,-0.883881441476254,0.653932560186801,-0.332991152735956,0.657054857800659,-0.345176530675515,-0.797482665225349
-0.773344509262194,-0.86618395630687,-0.118314155245086,0.868246338077769,1.42779027869805,-0.162014849368554,-0.864727063680335,-0.172801761649253,1.5893512218672,-1.12509286626153
-0.55220774308897,1.42087089776078,0.985728389640875,0.169060499880983,-0.221471722441441,0.243473431295071,-2.168771954288,-2.81532418889272,-0.455271912137921,-0.983905434944062
1.3692313873295,1.35040429868454,-0.855706862087728,0.142080598185531,0.148130811958424,-1.38794777288438,-1.33986316552117,-1.67744628869983,-0.903322037829903,-0.941832428501815
0.0813988214265817,-0.29936417553364,-0.516970405153058,-1.85370804468195,-0.464503126413231,-1.09505593998053,0.222769430609832,0.750347012573204,-0.128526444104714,-0.0165260153879251
-0.0429108808447768,-0.779143435483177,0.263018209002985,-1.20215228677379,0.308598456689442,-0.259161751021275,-0.729561844082905,-0.562436385944909,-0.0786698698088799,0.52632675268044
0.258048042001559,-0.484142932359199,1.11851174684959,2.61420690307639,-0.0827423939543254,0.285304248195107,0.446463749750469,0.413157766207168,0.404826746246809,0.31898933276681
0.520968981704549,-0.114077559596447,-0.945467069625105,0.849602461434789,-1.62774961150999,-1.68224133778781,-0.668373326171969,-0.881623773344477,0.895416035149154,1.69724589563825
-0.562234522348568,-0.428627771625591,0.898099318178053,-2.33150206904807,-0.247988168427809,-1.22858493421575,0.642998456843265,0.743219041174972,-0.449090444861851,-0.501037911111964
-1.15616678793969,-2.25072918128883,0.203026432136075,0.341995272920872,-0.292425663594111,1.25983799390261,-1.39424598923976,-0.0857644151701869,-1.06474578335667,0.3271143633795
1.53983268806364,-0.692337449769681,-0.772870705255625,1.48620953271013,-0.0288439930330813,1.4541358621918,1.14523199767463,0.131909138188024,-0.373311717303755,-1.3514970305593
-1.10702198886225,-0.631868321640444,-0.309997833167451,0.31405937326424,2.10611853266734,1.3246561094937,-1.82535935046497,0.802245351807617,0.394491622552772,1.44672820990508
-1.58749902927312,1.32657817190647,-1.18787992644442,0.165897020896993,0.673240271112747,-0.774299237318172,0.968349987912502,-0.838395901117686,0.354983455976592,-1.65880638685607
-0.832729767076397,0.555469493523058,0.765612909293924,-0.617113266360446,0.712196688972477,-0.851035483315421,0.276480761085863,0.992752842725623,0.83542634156428,0.617304349680184
-0.315297320242995,-0.0504366526989782,-1.06152179635216,-0.706717795768282,-1.04991174875706,0.163293193506734,-1.16903683375422,-1.69813277308315,0.0228970620055714,1.41672978093213
-1.47401960757902,0.941173744348285,-1.83273616734498,0.361009727627338,-1.58977698324327,1.06191906922789,-0.437762117034386,-0.850267941971177,-0.23743090165917,0.949067935531094
1.12966444387558,-0.0195333502080822,0.127838971307253,1.98863217683183,0.919277796552747,-0.294989735080339,-0.468264382482321,0.219757227304992,-0.31359584702393,0.114748725573436
0.453694632211866,-0.69266106764053,0.0979565800094435,-1.81348242457348,0.266497483057565,-0.436793690238749,-1.26813711211336,1.45887952711835,2.19129320441701,-2.39327074461231
-0.155415255175513,-0.173529964491696,1.03780954699262,1.24497246641325,0.0144042552775222,-0.732262712019511,0.138174792756651,-0.217749757461441,-0.313296901573653,1.02572390766315
0.40112095588529,1.0587236010128,-0.118606241899624,1.20483947186555,-0.118409780599215,1.21353882639808,0.547133116996282,0.0600686955339531,-0.09972716996094,-0.977120369079989
-1.18384347264244,-0.0133921707543354,0.180828673965017,-0.020580586759256,0.595656958837911,1.30365491885187,-1.10436472986584,-0.393695530625843,-0.380734305389854,1.01695126419532
0.643313524703973,-1.3294974759087,-0.271287509627587,-0.798395521211129,0.194832553308438,-0.327663497503261,-0.787009635637141,-1.1897507121647,-0.539300851475865,0.495371452569608
-1.14024398326025,-0.0176928892692569,-0.795506586282114,0.0341855006799874,-0.0616332928564693,1.25792698331638,0.669519117200647,0.361241125453315,-0.0196621374185705,0.236640658563441
0.891873011961444,-0.286741759916197,-0.931982445495668,-0.390344655006671,-0.0600655944422312,-0.649499950654193,-0.403773429758129,-1.52956330013239,-1.12120408922687,0.0240419916619818
0.277627001888754,-0.362247795026658,-0.658339938295279,0.439294066385319,0.766725794682332,0.252463625204195,-0.415244067714287,0.744978548977798,-1.04616296827159,0.269172623767791
-0.255124854592908,-1.16412771397338,0.121641199475866,0.845648613159085,0.246006219276775,2.59663975281063,-0.209244430030952,-0.732570330695418,0.829681583046988,-0.829219593592329
-0.183831811375815,-1.33818083818673,0.887805594463739,0.534717853554612,-0.137505151272829,-0.800254775325117,1.32818230223024,-1.23889346494562,1.36002462699232,-1.18390423603064
-0.527813142519836,1.01782078581255,0.516498464162433,-1.37844502328699,0.0652144176345794,0.241818613585608,-1.25209110472699,-0.116706840377466,-0.359199125557146,-0.00331196825153587
0.71147500701211,1.77499032668294,1.0120552298734,0.960975674063805,1.62773947948781,1.91465558666636,0.975791374970699,-1.4362789779201,-0.590982561603003,1.82875589956312
1.28740476733272,1.55438753243411,-0.130787853009978,0.683428078756583,-0.596790303319551,0.173556774040672,-0.190755078599364,-0.237377529790197,0.372494652153712,0.243894113536665
-0.397454376939576,0.21077415853231,0.121892300761728,0.183642668349545,-0.218548131529235,-2.52736485808175,-0.821843974399835,1.38232423093168,0.366557898031447,1.46128690279681
0.269460008629864,0.716048907528674,-0.128905767895304,0.433447780636471,-0.134789457662751,0.479220352189916,-0.0403486216954346,0.959682272046497,1.76500961368097,-0.486569486869361
0.0878466905334542,1.37902798981792,0.294612968526421,-1.33836056186032,0.290176273894833,0.300686021372285,-0.662003056607244,-0.662142815214259,0.936397855427617,2.40363211845839
-0.932247675139377,0.129334067484455,0.512557683273074,-0.734112599724749,-0.815175002139507,0.786359784751494,-0.762735486509608,0.321007457834411,0.259439191963352,2.0069802182498
-0.0800755195365089,0.417411148008037,-0.992329979812095,0.279713615559854,-0.899576609546364,-2.35628713852675,-1.2509470908127,0.0484271578852659,-0.159087334657431,0.647081953138747
0.285265403253554,1.1361007721564,0.830015187932634,0.221607572657427,1.01415231592039,1.03237919849406,-0.223988039103036,-0.0198074483148217,0.0794015733459209,-0.497915794958674
0.345161296420988,0.630996005317314,1.29229948107665,1.57570006231784,0.613335198269083,0.733023101042596,1.09374852684596,0.178824791403945,1.28060565899054,0.0539541401903635
0.550868651845529,-1.27486415980534,2.21982956520455,0.933708046285804,0.655859908247591,-0.410606243348141,1.15314047173006,-0.194914019158544,1.96333364092991,0.139057225700047
-0.313447787094457,0.982733647679676,-0.695480092362211,-1.91902668266273,0.180721023605556,-1.54017995299557,0.213507300100045,-0.358254274327574,-0.0640470147419755,0.847437186485235
-0.745142647640254,0.313930665366614,-0.477553421007144,-0.0586157220339051,0.0378776026719222,-0.658888819476185,-0.0606204695248014,-0.804506447592511,-0.330636641686598,0.367635352149402
0.521306382354537,-0.213018323222397,0.189289416899941,0.435803357235789,0.0323427206937827,-1.71212893024504,-0.522760040212652,0.270396691941663,1.65111014273198,-0.481534716645022
1.50818134381301,0.322003034270904,-0.451810838843224,-0.307741900910428,-1.49234315140087,0.295680026371524,-0.982078244807236,0.176122026509354,-1.49255579862786,0.542248526045643
0.0474490321495344,0.782392044501072,0.253789343789652,1.68024991065004,2.16626157768104,0.268123224266266,-1.59828125691042,0.488596060385774,-0.641616302945686,0.719684780841415
0.653987840863095,1.52700512963997,0.472185189059529,0.245399717161035,1.37390419629942,-2.60617807333494,0.700219114071899,0.496359304445299,-0.510669931522046,-0.656678001321281
0.269381829017122,-0.391843588355824,-2.00068066196783,-0.786803600959564,1.5432673494514,0.823013136276316,0.960309747872243,0.543846934184206,0.80713845854082,-0.525841509040429
-0.766892294748898,0.54016470239446,-1.48835867640322,0.54264623189378,0.0321776914652935,-1.32913558579243,-0.810101296501861,0.571539471572691,-0.798851447951771,-1.12762955452767
-0.165775242836349,-0.428904722197112,0.231674490045433,0.584297860202624,0.562902581833955,-0.506420955440652,0.61710160649527,0.39519732071583,0.355685007224108,1.50572625806101
-1.26282106329477,-0.4801561115633,-0.87790813437333,0.254344123251643,0.73162822142651,-0.138835341057472,-1.25985197725351,0.357741071293591,0.655219556554447,-1.21596038797365
-0.249682885592756,-1.02934151662979,1.45937350646639,-1.62016595710029,-0.35701653822618,-0.222093293480018,0.783064029454102,0.71402686523391,2.18632996760361,1.75576964034198
-0.135237234723125,2.22797391417477,0.198088052641647,-0.897101100917079,0.98565440496411,-1.33567666385769,1.18868195910021,-0.36172944469564,-0.395732071440796,0.0465631784058205
-1.58053570223337,-2.89970951186311,0.141765576637859,1.03560900282936,-0.834702247996444,0.927494101764192,1.29775824706767,0.0708207204745661,-1.65212958862799,-0.613829128740134
-0.634481716928935,-1.85286601551809,1.18990736891194,0.517761086870643,1.07546460077097,0.632253234790022,0.0615049122108969,0.00675735724675878,-1.61067702627461,-0.74140110004229
-0.647886205045699,-0.521287316665919,-1.75267609660078,-0.318138738715232,-0.668215494025721,0.152874479345166,-1.15164899403338,-0.0119391372501499,-0.361352869980498,-1.12514359451162
-0.263848820207543,-0.772063707814035,1.75849657441986,1.02330118709986,-0.448403135255843,-0.012534949791726,-0.135635223254373,-0.184758808678079,-1.13466898703506,-2.24768244970409
1.05653196108418,1.34233057974455,-1.1260342949794,-0.854945793083949,0.203528703691832,0.0641966847777372,0.260980283885169,0.533768357736281,-0.395166721293095,-1.1202091213113
-0.330339750611311,-2.04103714776014,-0.143912328062851,0.88357342046508,0.0428489682708465,0.803197105726605,0.82034639849975,-0.532674016628128,-0.420633254819718,0.800841420651889
-0.953400452871741,1.99271686220308,0.306715313658766,1.27432627921161,1.06423544046338,-0.88749855422938,-1.33238139405385,1.59513196637487,-1.9442078555639,1.01535538246643
-0.698035901627547,-0.59429026626257,-0.300847265533391,-0.0307495200551615,-0.371106938786591,0.95303781765778,-1.76938095773347,0.866678744093172,-0.905421233455691,0.0668094051159781
0.483433391439127,-0.40672529689879,0.965318762884535,-0.641821876765453,0.275001667142016,-0.503352106189501,-0.729452815506406,0.306485272642968,0.970531393194736,0.577230684100655
2.41631933229509,-0.12725761774858,-1.60624548365789,-0.513817892729359,0.332644082504814,-0.792179199027116,-1.10617075624585,0.616059830189989,-0.945799648796161,1.01673219713896
-0.970126796238379,0.549979589127932,1.07824320937023,0.743087963849514,-0.268561553414979,0.637828402672337,-1.18046346324813,0.532269868951561,0.962839767270445,0.053378852468371
-0.512372756528845,0.258795521579909,1.57641244400321,1.65089426500192,-0.895861547467732,0.835913240568551,-0.594608744845712,-0.568761651845014,0.239645842473137,-0.192786061833867
-0.594436678316248,0.205293823684089,1.30503252095313,-0.316750706031436,-0.538363394268051,1.18960281750018,-0.315618640753272,0.371505730121196,0.728901957993425,-0.0624981558400558
0.54932534783635,-1.09307194602182,-0.479053733649568,0.134094620447249,2.26202242493974,-0.389831212356423,-0.489437128113291,0.992209147829795,-1.30229379995458,0.8051798110129
-0.777816075819486,-0.526811975427185,0.916534842037112,2.22050390848628,-1.09890900537143,-1.2844899810736,-0.0770070023239081,0.323408078514395,-0.322165284430257,0.793385677258838
-1.66989755732511,-1.45315803190526,-0.179401700751839,1.67915828282802,-0.221627871709457,-0.369737768854311,-0.197402516197954,0.00772833408606432,0.243822197119292,-0.770870167192145
-0.0312602116371625,0.13465433247306,-1.52975941952098,-1.21674021245466,0.522014310447777,-0.560135699641144,0.325070236140693,1.3895716525573,0.796074679307107,-0.456577293206991
0.431165609895735,0.212471988056283,-0.790653746103978,2.69644229130234,-0.830644763826632,0.106627211296308,-0.67453632515944,0.846926302930339,-0.883818884759688,-0.338452586960924
-0.458274676978544,-0.549880354427045,-0.53033401324419,0.264667398077374,1.51533026650205,0.338068942781976,-0.699828739194184,-0.75785565752809,0.0348429703342742,0.35868367852235
0.940659296326541,0.262173360040856,0.625616177812265,0.76316020610115,-0.514899846863486,0.718866949035556,0.42837668908221,0.638740649118945,0.321186134208245,-0.871531469038961
-0.0574147424409178,-0.571557996054965,0.528747350189606,-0.435830349466325,-0.71446989368411,0.315068716904288,-0.297286765180163,-0.137873058657406,-1.20166272758705,-0.203289047280787
-0.18725313746303,0.787754996735567,-0.635193634190114,-0.161579551043611,-0.2327867775069,0.217062943297397,-0.934092179026918,0.272879269242086,0.823391635311361,0.0868082768974364
1.39262109027141,-1.52708797282764,0.388552150930118,0.486544700207898,-2.24161539686973,-0.631753242885353,1.65568172549638,-0.383453277768211,1.56375271654413,-0.601171989546389
0.634285951611078,0.64622197382067,-0.0787845335569746,0.478021415918649,-0.362183935275394,0.891285824993751,-1.2545844453761,1.12515422394137,-1.14722270998321,-0.33690958198276
0.0749054587737925,-0.823756453540932,0.379607245051368,0.947085174037024,0.188597215926172,-0.762272097266512,-0.854634824954993,-0.195755561016372,-2.03172455726994,-1.08783333614637
0.0418899748555766,-1.23870512396878,0.316937106545872,-0.374498927722504,1.58417426785013,0.253624959302614,-0.190399562041111,2.7080287264638,-0.1538710171175,1.62934033271886
-0.142855991099308,-0.0999205715031048,-0.480808582236857,-0.229714096214459,-1.00062929183827,2.29318528070562,0.407926052424189,-1.31600150530491,-0.757692077370227,-1.02846841159546
-1.84577248141624,-0.26544647979058,-1.08742301141152,-0.00775537139096004,-1.04785386307765,-0.628219333641535,-2.09397403907535,-0.143683629544237,0.111705697095559,1.40345804389985
-1.52516721538593,-0.715568277587513,0.274743836125567,1.15380555567206,0.364275852418846,0.894324674100988,0.552425984196621,1.90606371674015,-1.00971613281683,1.00914894518948
-0.480059085027322,0.431124515345172,-1.46818463583307,-2.4744687307271,0.789058108865252,0.983882315668437,-0.497208623251435,-0.264676096648827,2.03209532149867,0.107641442924544
-0.611717641621732,-0.0267083345557257,-1.50546455429646,-1.85357002911671,-0.696302001502728,-0.442338628253668,-0.300641835900738,0.905314431961503,-0.327178802007029,0.0904071456101828
0.896696038595407,0.0279381880999565,-0.520776027485876,0.805775884452482,1.26509027422635,-0.866728906050363,0.203206398335622,-0.874484476383191,-0.326189777611997,1.59477289455669
-1.21783287433614,0.797007982705286,0.637571969573093,-1.59767587643442,-0.833148246420058,-0.0410462920448352,-1.28337724565822,-0.981827874095464,0.450607436495636,0.588820303441431
-0.354259258577081,0.348671280067248,-0.697714194934214,0.0591047609942583,-0.784844373670588,0.651667277033151,0.56035398845809,0.55148480100253,0.824994134845795,0.609034915182376
-0.390431273013777,2.13216512854684,0.0423106299078202,-0.500400530742663,-0.826442964588497,0.331974268661141,0.0712612452536467,0.582033007471827,0.864991814232286,0.924975797420263
1.79184299456406,-0.586040446388066,1.49295270851361,-1.7947083038706,1.28872981349101,-0.323936870408584,-0.594156350818539,0.801141013434443,0.722803005325423,1.27619618792675
0.00335130107720912,0.0719778951900928,-1.03118061983136,-1.58038283141341,-0.766407667417686,-0.448371838884253,-0.757339116980012,-0.640312632115664,1.33636906138497,-0.659251662158718
0.719245881267179,-0.761747196775933,-0.503308443782811,0.368418886897388,1.18997171964192,-1.16561356225714,-1.77993072186212,1.85766372056354,-0.415230337708968,0.75185588476769
1.36812935678384,1.51769814017843,-0.955888198396097,-0.0185189930120626,0.653359751157923,0.542215064081191,0.0971494368652052,0.789388135701846,-0.367436933555293,-0.246865146017468
-0.890406383743064,-0.527014387100034,-0.565103229773733,0.444424763135881,-1.12875974645214,-1.20514616318404,1.45010959275747,-1.27646085556887,-1.69006104733747,0.503006255526224
-0.630472470745975,-0.498122569458259,-1.70565717575353,-0.6530809385005,-0.553256315457918,0.99200197347224,0.024399017605719,0.654420663769142,-0.463167405898228,-0.473817625512764
0.727166535968244,0.0820849977061766,0.923383710173094,-0.461428915378693,-0.474742557295703,-1.37752225048136,-0.135783667988891,0.176102344632606,-1.70914969586341,-1.26443625369458
1.02351846287044,0.181796826150931,0.680841519795256,-0.0651316282282119,-0.822164667291004,-0.4934124034889,-0.72293811950303,-0.808586221884644,0.412959642830991,-0.187820421149967
-1.83612957462621,0.436613952218616,0.862478972346602,1.54990280701307,-2.01068352318955,-0.623628815147552,-0.486720304303657,1.29805284932453,0.629225304456269,-0.877473370798219
-0.0242181573785815,-1.18174459997703,-0.353353483916644,1.20862258413846,0.330531349053984,1.46566189203658,1.06495100144543,-1.76178925557581,-0.143491369900614,-0.615036546338567
-0.568825039897337,0.346211397567335,-0.555358267506447,-0.185407208230459,-0.0439369199980387,1.25467775978955,-1.03893007354822,0.0973046241967423,-0.0188130952516484,0.259924051440886
0.209555667635156,-2.10401456354779,1.71226171460534,-0.967559402218703,0.440729898355221,-0.405435348998443,-0.992381413503153,-0.147029320063337,-0.280958063117949,1.78956686942254
-0.65208759876255,-1.29742741908681,0.664536371702284,-1.1513966872799,-1.22313975899595,1.00619086677514,-1.56624049014757,2.05795527825284,-0.913597041759237,-0.838280726603157
0.930106416450595,-0.385243830863368,-1.30243656884075,1.38953623363388,-2.45309808293529,0.357276596828355,0.515846716334486,-0.996489257243185,0.371081937353611,-0.77834856655222
-1.27437577334737,-1.87878306237532,0.622823065257433,-1.53595537678514,1.15916718628751,0.704429001738832,-0.146636526077006,-0.65660491730716,-1.017961837515,-0.442426557689189
0.966741889035909,1.6013187428378,-0.815831849610712,-0.668701090524985,-0.344767156422418,-1.66221734387092,-0.671752208076911,-0.544338475975165,-0.365898254554215,1.08416232223871
1.52602764587045,0.841207385516683,-0.556961536216873,-0.588767170796222,0.524801923987391,-1.32921347838239,-0.553371634022313,0.671716952243887,1.05460162141357,0.432665826988879
0.0660260992800431,-0.762056699900726,-1.26060341419622,0.923389495440137,1.65921026029992,-0.34439913215954,0.262032437915324,-0.385145485822057,-0.431470713113926,-1.20669441614869
1.8632332372012,-1.12233536862995,0.814854878759537,-0.327541653308308,-0.0205148921010966,0.648253690068485,1.19570084335916,-1.51624870912351,0.71675658865403,-1.02712770060976
1.88385411160068,0.982860250698357,0.272797271331253,-0.330959781360789,0.714269273676099,-0.768104128494136,-0.45250844678435,0.963040726363396,-0.515378697172906,-1.08106165745222
0.943262690480859,-0.995417156005315,-0.914840149628207,0.85227722772696,-1.97461962053967,1.62926378106753,0.601124911962031,0.0747966112521498,-0.646070209961163,-0.0851356428922593
-0.985019081081797,-0.726561277086415,0.514816557651593,0.165380759019442,-1.446602706719,1.11115115370033,-0.571675719255711,-0.265667695101147,-0.200687164211419,0.817314473491331
-0.0509143428387061,-0.40099748165149,0.352295323098265,-1.03747102622016,0.26549669454076,-0.258047366695874,-0.509462048339162,0.394796235853969,0.444109111298056,0.539084648439364
-0.789735104361371,0.737383127958862,-0.14176637628624,-0.41366296686881,-1.0544569925205,0.281493784613547,1.22791565998235,0.654135278320889,1.60756162403417,1.19884523674017
1.3530634757726,-0.216988726139488,0.665446860039975,-1.17612072191974,-1.41294474622811,-0.123504145373725,1.32487585398208,1.36613171156538,0.544251906425608,-0.168593393630434
1.62247911877313,-0.921503312388822,-0.265895379543672,-0.201758083718121,-0.189876277247312,-0.693500177566098,0.361041232410979,1.36860796280415,-0.483476252005178,0.772466496087016
0.366432281447633,0.632251267701282,0.39002410213733,-1.14997088006902,-0.295198010300593,-0.4034144179018,1.46628797420276,-0.0818684698318801,0.0115411355710969,1.19772608040238
-0.438035537857239,1.44163221199189,0.222002290926026,0.790685062136074,0.914350398440204,-1.47548053978427,3.26442506497725,-0.161062580060014,0.904356678922957,-1.58783875907561
0.0952790559303115,-0.816596965053478,0.139880013525916,-0.507912712453502,-0.274626528443838,-0.368616081322042,-1.63588857539331,-1.36616104448537,-1.00870071306549,0.258271301177844
-0.949672184571824,-1.1562098293069,-0.944854208856973,-0.415219092734088,1.04719262273175,1.1545199733201,-0.233110035831965,-0.417204960944842,0.0304892280448275,0.931961887520228
1.25176742925492,0.955164144920127,0.9822940262888,-0.954107556090973,0.573887637027721,0.128810739175285,-0.308732992838192,1.34063217467279,0.230945190968569,0.68305720514979
-0.0859459231793763,-0.527540815810266,0.848328565210456,0.370104116830865,-0.203420197627705,1.93419987140231,0.447234233475928,-0.949747672098079,0.658708965889426,1.18656046138326
-1.35122818261344,-0.933801585026929,-0.400376267414855,-0.844813498335211,-0.428115187292085,-0.68557471393843,1.02514124874855,1.84974414840706,0.754558746105972,0.114865968642149
-2.32800334679308,0.345291269369001,0.720708176980443,-1.67611783686317,-0.273126149843661,-1.9002210764106,-1.35430774299781,-0.290467435035209,1.34345474113962,0.89279242571625
-1.41671841122244,-1.02104202019732,1.22588672315156,-2.62496551429033,-1.90223281703923,-0.0173888572191834,0.840946468943923,0.0341366912424325,-0.825056949658892,-0.68275924059694
0.709072826795684,0.723287767706773,1.98538048045709,0.694723207440255,0.303693649649209,1.06148387006233,0.647554698719593,0.498363896447791,-0.480606483917871,0.256574960379925
0.424570597824945,0.823920150277992,-0.714744181050661,0.404130482461506,0.510031517362099,-1.43591384342958,-0.390568113984852,0.470641035700247,0.103355556809072,-1.14288691185812
-0.343233577334533,-1.0285025461474,-2.31504649542631,-0.851810924018642,0.519215148456375,2.67967591546934,0.158099971291301,-1.54851375136305,1.26908796041088,-1.23854768606928
1.51108527865694,0.765347618355571,0.500171937899413,0.869713786382827,0.369747245499803,1.23416395875651,1.77722424026564,0.619992731382723,0.848748314869586,-1.56248635913618
0.328553853781225,0.00995203516023197,-0.0971711165655768,-0.873122713747021,1.25826706659452,-0.338886485146863,-0.0300761786068959,1.27624259605077,1.3996520654001,0.401819486888138
-0.984331452651772,-0.534315757819696,2.13263945626168,-0.299435028928056,0.484805525354937,0.723711035758269,0.00204964793123371,-0.182563216281217,0.679634912313106,0.354481555215056
1.19584261197573,1.54764464020309,1.56238298012132,-0.545732888963726,-0.0299705274054748,-2.05991091231543,1.58737533283972,-0.179253749307318,-0.890516347764367,0.781441213886146
-0.0666307053453822,-0.0632868416804444,-0.567870821982622,-1.47106176083073,1.4910726283261,1.10323753412412,0.432952688962663,0.615265714858793,-0.298704091826647,-0.831158412233422
0.725243396024703,-1.20437781803648,0.132929309164806,-1.82853835697535,-0.027117491547276,0.170540334111801,-0.282282821221524,-0.893992145007394,0.791045431569334,0.395194370560917
-0.181030081919863,1.6621283185345,-0.791907472159694,-0.0539865575383855,0.235066193933911,0.866024339378166,1.05164242263604,-1.74604190529976,0.190306666366665,0.909552972164536
-0.987457686289064,0.585781678354869,0.92637581120136,1.04661474287392,-0.0456928761404663,-0.134035435836367,-0.42397928836755,0.676588952613988,1.43625018577124,0.0508177831548657
-0.480124064481321,1.58382437552922,-0.56818216711551,-0.618057111351953,1.1111819510474,0.24377943852874,-1.01061527374911,-0.832690716604126,-0.387857221799168,-1.17284396885699
1.5419540740475,-0.383476621049489,-1.10767718127082,0.90679736963304,0.270474624911707,-0.46726231324289,0.624083326195357,-0.709507430067544,-0.687747363726842,0.0831265230636335
1.03256043174985,-1.05209005449934,-1.14664983470875,-0.38533296898531,-0.195655729143116,0.818238016649852,0.205698865301864,-0.0471196038812679,-0.310569311634888,1.45928312248235
-0.166899911927737,0.398561885176958,0.859096835397739,-0.924793855920518,0.105503202418661,0.461691250609517,-0.291095629458082,-0.589940233457969,0.296442907082505,1.01933883771414
0.0342009612966518,2.14502774933424,-0.468762931062989,0.165049862552569,-0.47068555401456,1.16430784989126,1.34290055026381,-0.75735784284426,0.856854434223594,-0.065322986021182
0.861339887526353,1.02134764905807,0.322608596532516,0.121042201492142,0.378986552081043,1.27082177523463,1.38129927293656,2.2524887810422,-0.7037285914702,-0.220333972572592
1.84088294275611,1.42625643800256,-0.483027146688959,-1.77951068826865,-1.45565732987934,-0.875148069555908,-1.42493011092899,-0.272982720877847,-0.348057040694492,2.72306001469755
-0.94556750050928,-0.773685671502843,-0.316221332247478,2.12406210425076,-0.0534711896748385,-0.119873588521525,1.7329623547764,0.362301268721112,0.549030911980604,0.826092971496007
-0.375166083717308,0.724715386259991,1.77538776945752,-0.337803289808512,-1.65011175847086,0.921310670778833,0.915731367454258,0.112000537927271,0.509819679619786,-0.666339888893577
-0.181493521807225,-0.931884617179885,1.05199931913177,-0.272540815382528,-0.644193927251584,-0.614100870883857,0.255471831679123,-1.55173107099397,1.40376936353965,-1.02944184928648
-0.688199725763753,-0.0580802713941169,0.0374815877515151,-1.1220021913162,0.494926260854403,-1.35727791552967,-2.76099606038266,0.594977307359043,-1.57897055055331,-0.878615786690312
-2.08199305358922,0.490909856173852,-0.231524055824474,-1.84588238068595,-0.0334973712209508,-0.287468323526263,-0.201514381369677,1.09704067224809,-0.952081697247793,-1.60138877387149
-1.45425932830318,0.355309447987004,2.32404452440129,-0.426110017040646,2.12188959766142,1.2968112184418,-0.903112164547209,0.49084011284868,-0.0608524625074705,-0.261438278477917
1.5183948831778,-0.52777727879334,-0.685884288981409,0.766204040197131,-0.910177777540688,-0.537829082926999,0.613360911233812,1.62352263371869,1.08541306609708,-0.50068691555461
1.25075925425075,-0.915038178294184,1.4734518910403,-0.226530724318898,-0.962574773475781,1.35928269236721,2.45786473748893,-1.55828991177856,0.367876220128861,0.649418054037878
-0.171879887388461,1.67262796404452,0.803612964166052,0.0107717387223444,-1.15074098525738,0.826408822192989,-0.633647557019988,-0.464299165108191,0.469378038360546,0.770087806121588
1.40597209347206,0.448860837852026,1.04546682257845,0.640340160048356,-0.802905850271177,1.05716694370378,-0.192354701467661,0.749420436657089,0.0427227484291067,-0.986879525617957
-0.435831817665228,0.495299549879485,-0.763288621272959,2.20659176101572,2.03442949256194,0.346848991920248,0.492670860133125,-0.924295011028274,-0.635498355207133,0.197770392739069
1.56579586839439,-0.584919737535725,-0.592799081620528,-0.725490041807034,0.132159946506352,-0.128031351284373,-1.09146732940337,0.0675215105700658,-0.365578734425783,-1.38371087159108
1.33470664321984,-0.803555687952637,1.17872471997291,1.20902488142363,0.49244209593753,-1.09962406967448,-0.885328020688752,-2.22714504395039,-0.293732644302906,-0.328123243683744
1.07606356612596,-0.837228725325248,-1.0811628097996,0.234683014245585,-1.23716601453237,0.865963399266259,0.2127075334248,-0.862223245903281,-2.09560361760093,-1.75387099068392
0.194047908207487,0.294009875950456,-0.99769477447627,-1.68051864621496,1.82901990962167,0.224706799421863,-0.130196250331138,0.463386764767892,-0.255799505896658,-1.03990881557106
-0.59221344283536,0.845269280566116,-0.221449807695606,-1.31595822483841,-1.14867394956441,0.579705446069996,-1.01901418802352,-0.716162186899447,0.899731816802668,-0.510034894174453
-1.42023133203966,0.387655204080029,0.573862027638717,-0.314134808022608,-0.449290325901268,-1.38974266002554,-0.324869030087316,0.579556877474186,-1.43660769412154,0.643786375380433
0.071823255167119,-0.087492219398104,-1.75570400807523,0.180623471882837,-0.0214506338284696,-1.60099421255976,-1.15876933361292,0.191046688772192,2.33235526204653,-0.937813704530442
-0.37712620792798,0.413883800334051,0.4335283394184,-0.492415553311025,0.93576406144931,0.138917871840721,-0.666806061481359,-1.46804836461962,-0.892322821776043,-1.66632159231001
-0.50901702427409,-0.201045527617481,0.0077936118943315,-0.391445011648391,0.1848384889838,-0.191785833146936,-0.575074140092367,-0.541472145580955,1.39638168297569,1.02980445701921
1.361820909745,-1.28107095346492,0.860830932410101,0.194825702599647,-0.304881533065773,0.197058564564082,-0.759342719732312,-1.14360954783415,-0.813261534275517,-0.458822014710936
0.178458179679299,0.841558652071413,-0.455553552913893,-0.197843810213505,-1.54991377295619,0.395382810374726,0.272899540692189,0.720589113143187,1.39731493349602,-0.865680660497762
0.331916694821278,0.115128020108438,0.247243866436613,0.306735453104285,-0.609144738316179,-0.394399279260327,-0.634369628462308,-0.176478412727898,0.0802142286855255,-1.0508274437243
1.0489513527904,-1.61259220989982,1.33016381507243,-0.0923833359960034,0.0535322182531732,1.63818963190078,0.739840026396567,-1.64971512239285,-0.305645703110473,-0.552037378524677
-0.0868702159038491,0.267769484229148,0.906319037447717,0.742214697248647,-0.7073309552072,0.872580566447081,1.75209938832268,-0.0505119769754853,0.69996012782769,-0.25653386228853
0.712273581519503,0.911180139273616,0.17472134142443,-0.504212288186075,-0.271275029244934,0.185640657541116,1.50223786932086,-0.29545302783798,-0.889404530269002,0.580998779453454
0.657241581343772,-0.107523724728774,-0.0378185177186585,-0.424022150375461,-1.71358652020083,0.822606367644811,0.595554811491348,-1.59236959032352,0.129457573206514,-0.187799238556823
2.20961632803332,0.539879391465278,0.447626569028459,0.596815701207195,-0.893615903053696,1.23554868030576,0.618298871286391,-1.64064702063514,-0.0358309570615098,-0.583431113883153
0.268824085426215,0.469437014965721,1.35927339479054,0.580820113849325,0.56090870861097,0.709030260716495,0.217018336160123,-0.530190297564394,-0.34450088277984,-0.158851943155784
0.672656647597018,1.53171069747148,-0.224435319589725,0.603050798201195,-0.0751042999482346,2.20815080858953,-0.406277212778203,-0.0174571549701459,1.0236768744614,-0.311056251700323
0.387004144411218,-0.076529314107598,0.217317352262581,-0.486214181375973,1.70689741961132,0.0944102042013544,-1.05155597704097,-0.399211708623157,0.455829565268294,-1.32360607429902
0.485684988859968,1.20292115733714,-0.729385280690466,-0.24885713404239,0.571120818380771,0.75434603801235,-0.41420908289662,1.13475112017338,0.235171186510187,0.610546097816895
-0.466692617617702,-1.34294260432009,-0.385262685936961,-0.0555058479606815,0.583547986251733,0.267530302696048,-0.964715483478956,-0.0763840700203069,-1.45226101236472,-0.575442653375986
-0.797482110797037,-0.0112138040094541,-0.369707203015193,1.27182054328801,-0.0270251110292399,-0.310624493693123,-0.337067984384409,-1.46701617985214,-1.16678591180716,-0.914802810986106
-1.16090159360278,-1.62749815283902,-0.352603216810014,-0.906724756610019,0.584199147837952,1.39742896120895,1.49259567432101,0.146411366087215,1.12668310096771,0.238960940950009
0.997546332768167,-0.465473309986842,0.447547024136595,0.880454281674856,-1.12323285515108,0.1925468442049,0.610290290019319,0.115219432886614,-1.17068112453452,0.334787005921425
-0.389587038290859,-0.0880660219346531,0.105457867785747,-0.549420025739844,1.23476133720791,0.836406934761375,0.331029907140618,-0.216960299230246,-0.894064069872871,1.55445201976961
0.916408231962387,-1.47388429880881,-0.804963759854598,1.28402836529192,0.640243051748471,-0.199518137886741,1.07980572760793,-1.52774357143313,0.564474691870335,-0.764436683792815
0.707519698189644,-0.528599955439549,-1.4358917488161,1.02777086132403,-0.0453191352692318,0.36549447090334,-0.0250273133925123,-0.54415630151285,1.78097751662233,-0.20743858722731
1.09146542438482,0.516284582565889,0.345985364542164,0.512796959169865,-0.227155557920745,-0.435757491658581,-0.0558162555269764,0.449641973109011,0.971771719177484,0.948411502733755
-0.49047322834108,0.362963588683406,-0.0244800711557607,1.02550325268816,2.24171815491623,-0.925876056851412,-1.04965226356364,0.628198244684092,-0.619883255631843,-0.132912464654201
-1.34451219278314,0.544099570277012,-0.54929351803361,2.14219300051421,0.341433353669877,1.72545222568747,1.41539380441514,-1.10267753520608,0.550233455910303,0.110547943779525
0.155576309018321,1.66667512528548,-0.347711446025431,1.77297614106171,-0.429306749098624,-1.20030742815874,-0.78726127023555,-1.21374951917543,-0.141112568678769,0.501759322057405
-0.647375072254972,1.17304188502544,1.45884021331684,0.144831353910784,0.587619460933747,-0.279826934251183,-0.355161650259703,0.342711371786877,-0.389584820850277,0.51407774415006
-0.840353956250244,0.0151453901656798,-0.455848983177573,0.0694135913785485,-0.257937704960633,-0.0586492226578308,0.667033065345312,0.793657273454727,0.536018237810334,1.16973986387745
0.0605321342730439,-0.0113875017742329,-1.58468476873333,-1.23333592540396,0.105014207580883,0.721623900568095,-0.802055809796255,-0.438924565609235,-0.214058705097543,0.783541524760309
-0.591912988792353,-0.523415799932474,0.35678513603798,-0.143386407788208,0.346399770615761,-0.649859955996249,-0.835831820914042,0.18638358647386,-0.450020814305454,1.49786575458495
-0.599093526359723,-2.0759513481343,0.406376218117751,1.82464119099123,1.12224237398593,-0.488282828233237,0.632469685600439,-0.984015901737775,-0.796972976030344,-0.317870754589824
-1.25529154937871,0.548559353922073,1.26873707601404,-0.37508424691188,-0.789624951176978,-0.456456051252447,-1.17293857207768,-0.814478909293416,-0.600538849031001,1.17447526862395
0.4317090113548,-0.65662938194534,-0.503953199067397,0.196673222186903,-0.237187687986187,0.676595057955171,-0.237095400348548,0.577452828698173,-0.623718712779627,1.34606919738033
-0.848063151604476,-0.0763753889256421,-0.16390509768442,0.0101848826981165,-0.138314472935223,0.484828744228299,1.0731724054996,-1.27494785271193,-1.2382901539725,1.33417827045052
-0.725491581891697,-0.411782127358893,0.998427773619694,0.482097034187549,-0.288689098242013,0.553339490574856,-0.470838906848071,-1.31698652456945,1.14354880531026,1.36474172989047
0.244880808906488,-1.12756665522777,-0.350493901174779,0.549463130109976,-0.434167162194758,0.280426918532621,-1.93672770932493,0.079692218506305,-0.839688332033566,-0.0378388282782844
-1.18328456586082,1.1572430118045,-0.273601583960065,-0.0375610324234802,-0.788304643652613,-0.478692128541706,-1.83233082373839,-0.416430697189603,1.4829029676345,-0.874043798180237
1.32297284035931,1.24852529579559,2.31553741462001,1.60063861773394,-0.926097941567107,0.508402196432489,-0.90189561024344,0.59294077280701,1.13065176635604,0.846727285307114
0.620300949796693,-0.306763425715126,0.0467465812089601,0.944373211211816,-1.48274770051572,-1.70425817226517,-1.45633681902934,-0.010076469637629,1.6607454991236,-0.0223867046056685
-0.457705959715833,-0.909518897980089,0.2773779337672,-1.16742970164578,-0.881026179930239,1.48758926198232,-0.289274699961608,0.543316593439516,-0.514780694062934,-0.559706739081491
1.33609316288964,0.912970869914981,-0.239507268251415,-0.61212086207583,-1.22509583748842,1.03632673835069,-0.974101959428365,-0.344320387307992,-0.0364705181159976,2.11047556788675
1.87420914053227,-0.661141485455042,-0.529798943082886,-0.405924225500573,0.930800283651977,-0.304694613497802,-0.488746423465957,-0.704653876954212,0.687512212986507,-1.97639894326258
1.24399181416527,-0.0467352068860624,1.96910827786481,-0.73522425825801,-1.02807852169778,-1.18777896419857,0.704239103495887,0.408389287048948,-0.951577854554698,-0.528672909981967
-1.81923337594496,-0.739352876705431,-0.292052538459682,0.495438446078316,0.586039188016781,-1.38484924211261,-0.247414197559071,-2.21308722125513,-0.156895053136893,-0.274217976975607
-0.904600367605001,2.43245450247995,-0.197938522833185,-0.553378386742814,0.900358061873736,-0.85552603676645,-0.439113577290714,1.14588028186912,-0.942655919994377,0.690381255775935
-1.4894444028779,-0.526217982877247,1.34951704059798,-1.74875946780909,-0.588301090594285,0.354484668997325,1.47458901415502,-0.760944104691729,-0.866287386100201,-0.200581953150088
-0.247933116436764,1.76206448994369,-1.10007847165556,1.54524878398827,-0.225375130870014,1.00109372557155,-0.337516740476922,0.0696644815460246,1.01704500747599,-1.90422793818138
1.18388518388564,0.567776870359494,0.617648027081592,-0.121129318225525,1.47992482150498,1.24457765956972,-0.595237084841318,0.652069674687047,-0.937946587702858,0.464319196479201
-0.545369248915357,1.37007412805556,0.653193910831275,-0.917480530307822,0.314837689280126,0.760485189208441,-0.937275333741631,0.381533564439111,1.41272949237605,0.81759106227506
1.88419037258791,-0.537843890535177,0.814585611997891,-1.04405201449985,0.475110029116682,-0.0574759769881625,-0.654982170666923,-1.51135149378284,-1.68279574325115,1.43322622970059
-1.19401330040205,0.305769761725453,-0.107643082431173,-0.0252308406286556,-0.42067285023381,-0.457906204956023,0.0535572705828035,0.315608926346681,0.501435933358847,0.120382573449149
-0.393655291382942,-0.147742019921555,1.70400119250152,0.226451206346507,-0.120819806767962,1.28839063023935,-0.449497231627731,0.955977040271401,-1.17094664780489,-0.377315397747624
-0.36661476135836,0.523984001884693,1.25803853262865,0.583364852204332,-0.800700665331318,0.368724130753131,-2.06855929445566,1.52337556357592,-2.01761762602529,0.949920283344733
-0.893718416066149,0.812887033535405,1.89998080091611,-0.642632369148235,-1.0991228104412,-1.29320348325433,-0.732294172763579,-0.363192891455345,0.210073181788573,-0.0977957425975777
1.78562352888005,-0.783962071673066,0.398657751549228,-0.674106601973055,0.797532242252271,-0.118437459775723,-0.537691775438999,-0.277739408904327,-1.13560868997195,0.398296507088816
-0.824415883223623,0.631755310006508,0.76743732116575,-0.288410365481477,-0.270477768767098,-0.536027723059468,0.130691223533903,2.44791138411206,-0.795428729653049,1.13294917724362
0.876157732302176,-0.73528540770082,-0.117685944536984,-0.0611026219463692,-1.12984343196885,0.516226056812292,1.30138447994806,-0.313454299925899,1.80928925323315,0.861656581062283
1.11636838097078,0.838805080274773,0.387240270988513,-0.567979411668132,-1.60181087130071,-1.45223076104464,0.463553466245314,-1.43988296393822,-0.166801636801774,-0.743278747326979
1.46718588463102,-0.5383523447122,-1.2311707242264,-0.994005843344763,-1.93368720993971,-0.72784749997895,1.70276097372174,-1.7052529526349,-1.98425527780056,0.612219287103464
0.515559509746934,0.903063046643906,1.15350515903316,-0.720457860267363,-1.59347555394784,0.808835737127663,1.01094994585087,-2.19724575877383,0.988691216419015,-1.95163280782415
1.20916239786877,0.958458323528573,0.184092632641648,0.679140623156996,-0.186991344281601,-0.915923169362974,-0.216816875937206,-1.74875448894758,-0.266598842598118,1.07998190244488
0.0695572120927119,-0.973032355250704,1.09364496744795,0.184637894954377,-1.05083379756634,-1.25918001358877,0.137361033893482,-1.171492235608,0.186782986177836,0.428505784959427
-0.274931241284992,-1.28898107572731,-0.45043771821064,-1.43278490613164,0.698957952444814,-0.740644077234983,0.353037171634454,1.68418193830787,0.444617252578849,-0.368364953467253
1.40475107213725,0.27906048157701,1.13211661618424,-1.61928745342426,0.849042144282457,-1.84644880629812,-1.91870390272213,1.55111631232017,0.610448121420291,1.56736372719249
-0.205720612120385,0.325121984166022,1.81296136422674,-0.456012745669514,0.94146135280551,-1.10398833205588,-0.407557124373265,2.53096508449716,0.164839146289492,-0.545845319607312
-1.11567517954425,-0.920507153380236,0.347273018695964,0.544336926958486,-1.25089677240074,1.13190092441175,0.245692818715837,1.88849840257107,0.968649333612187,0.126849306393068
0.623222317966344,0.0433241329250944,-0.434933756027758,0.967602272387451,0.709071228700517,1.3118332283175,0.469591295404193,0.264703825556161,0.185802842041233,-0.213398423877447
0.475809846159583,-0.822465395497043,1.02518044879845,-0.262786777698579,-1.40346051516505,0.431693730962914,-0.659695198518338,0.560191025840335,0.735537719480156,1.16361256937461
0.0900978506652505,1.17886047349361,0.280286931764862,-0.108477883521252,0.154728238661219,0.532681321930426,-1.03814546037711,1.01706599376589,-0.194939376622696,1.52027841829063
0.299996997304742,-0.0233757239339209,0.366028623210644,0.445528225759854,0.610020670158319,0.349526558576137,-0.11116753681879,-3.30490610832976,0.231452543994312,-0.276493700704984
-0.0707856950219622,-1.12093492493816,-0.861769406608577,-0.289375629425716,0.917700653722832,0.723431523507638,-0.783125806159073,-0.402706125570369,-0.0664962562034697,-1.38130279080668
0.634615371336344,0.136791677032478,0.452948773664784,0.402123763992202,-0.488205953650197,-0.755529809369139,-0.192968682172636,-0.327392020105062,1.1062909371228,-0.843276345547886
0.130585662801609,0.290439123367164,-0.481771250872775,-0.785178458234063,0.870435609064474,0.717063615266843,0.034573280964171,1.51438694550302,1.14298675404131,-0.834792511468236
-0.0220829547924607,-1.5422756504947,-0.859699569323715,-0.337542111109659,-0.392020697063186,0.957680027559008,-1.53888150099424,0.963300235131988,0.721455064461389,-0.390809160485023
0.147557384421215,-0.0771721862028696,-0.610089911579198,0.120614502326652,0.61776075771819,-1.76356581894741,0.419754361078225,-0.533081271315417,1.6252747144435,-1.48222340561722
-0.216496376101376,-0.0472730098433374,-1.05719527809661,-0.744746146101475,1.24554153421228,0.881256691504475,-0.197370673129997,-0.77162399233047,-0.689878078288885,-0.0186076594895809
0.224224619297196,0.785149610854558,1.01306640760104,2.05926732345043,1.17129312011339,-0.752972096911212,-1.19388348345942,0.38426472916632,-0.0610351976171085,-0.360561729898053
-0.981740764962163,-1.2504571301298,0.133827035775964,1.27124621217406,-0.550862456824059,-1.12750333308598,1.31841802588109,-1.08412960462438,1.85876232616453,-0.150910509227816
0.296164435736428,0.0418398153924413,1.22550402347782,1.00751285509823,-0.0701270405845363,0.83849227761834,-0.595031023161728,0.233510955124688,-0.0394611976840268,0.859011641893815
-0.0229585238206961,-0.615110314071642,-0.842982179534083,-0.395616072139432,0.765497713887287,0.993253320099357,-2.13770046940287,-1.58663323382324,0.931392303491415,0.625326864050321
1.24599867166753,0.352068930941309,0.994403625929546,-0.0273721650787784,2.20106997097191,0.964356667455499,1.35790603425605,-0.148335860925316,-0.567341260894771,-1.30162718764043
-1.22237156084282,0.472451772946183,1.37420193920482,-0.968134515230821,-1.57843688160869,-1.04833843058733,1.04889890464404,1.17002823819741,-0.305396944086446,1.23550989626271
1.14467022483147,0.5156561230482,0.688630873166507,2.46851037967167,0.772428289623852,0.0371775562440601,-0.308262575309799,-0.228011492223852,0.596078359547362,-0.320715232701911
0.950273920321616,-0.448900803767479,0.302447616065805,-0.477141733820853,1.56884197639248,-2.06136781761119,0.413965431296288,2.2771893184982,0.905836261114928,0.700716096761543
1.39042488148659,0.207603285435014,-0.935695521484915,-1.48063420563016,0.890758725717275,-0.927477236124782,-0.511392072060405,0.167720631381462,-0.457450550518011,-1.24625014964184
0.942264577659218,1.24712648652814,-0.023372433902739,0.278895926488274,0.630712359271555,-0.973108294033792,0.818028982653862,1.07375659525816,0.762006911444882,1.60048869840577
-0.247429522612627,0.351330133993365,-1.00409480770499,2.35815945088254,1.08463456226313,-0.714239150251421,-1.04514755762765,-0.817136876578013,-2.36711376084041,0.135143263990226
-0.814378319255964,-0.24618893828575,1.57927054433965,-0.684761840155192,-0.395071889473963,1.47906576374433,0.242843473702091,-0.051393348318423,0.0218184499172102,0.715973134647342
-0.64547145815421,0.609452100877337,0.675044737809711,1.03909915255413,0.0749078601418756,0.340979210570999,0.17370239927204,-0.223814815748557,0.0871516625814174,-0.604412539603316
1.85277787989561,-2.56484960575943,0.470257484171547,0.701949347968605,-1.26856306676446,-0.623513766697208,-0.499991047827091,-2.68672244101005,-1.11777274113662,1.75547361793893
1.53549047273913,0.900132027610318,0.582863177646398,0.115727259629499,-1.10536737793849,0.607479684299152,1.03305319278569,-0.0573958748215401,0.423612811890738,-0.0876394357130489
0.740110829941947,0.481069058976593,0.340372534004941,-0.539116796844541,-0.147902514700596,-0.431433803236748,-0.0195323377416051,0.211931190774185,0.109054055874613,1.43149027641471
1.28999956321567,0.292487500623401,-0.737812775980007,-0.228820688778149,0.689146473846978,0.277899757286913,2.2253554807182,0.262743551974869,-0.538274813773943,-0.0643701482050531
1.63789048853459,0.82259607341919,-0.202920357998038,0.706479386603885,0.769964531885766,0.953269168455478,0.42637595500982,1.08222292443037,-2.00258999791066,0.577670294878169
1.94185413453835,2.30772991758691,0.2199011428954,-0.317915214805383,-1.07375619757576,1.25484671382722,0.886674199385437,-1.31081795375668,0.708381354724087,-2.44930432285094
0.813815710071088,0.449641724996877,0.953907728806634,-0.0370090370782292,-0.00764148335182891,-0.407545851615519,-0.00157277394840835,-0.466361374824204,1.1566817002987,-1.14059275264248
0.0224373493349424,0.58579013528924,1.15687736560596,-0.103742485302475,1.41091699686357,-0.458899233298693,-0.215898215818156,0.232974080802997,1.21903147361747,-1.52549764507789
0.371100417416809,0.132670058021503,-0.872797419504783,0.42683467475904,1.91090983970008,0.354052345793253,-1.26359837893245,0.429520332926693,1.16347367107478,-0.451021248192434
1.21180032229885,-0.276756359966939,0.623265611149219,1.65152175767584,0.903718421015827,0.109796386764681,-1.13069807120054,1.39928656820009,-2.57212267247523,0.0404878972368119
